1,Capacitor 10 uf,Pcs,13,A-1,,,13,,,A1,,,,,,,,,
2,Capacitor 45 uf,Pcs,6,A-1,,,6,,,,,,,,,,,,
3,Capacitor 80 uf,Pcs,5,A-1,,,5,,,,,,,,,,,,
4,Capacitor 70 uf,Pcs,1,A-1,,,1,,,,,,,,,,,,
5,Capacitor 16 uf,Pcs,4,A-1,,,4,,,,,,,,,,,,
6,Photo Sensor,Pcs,2,A-1,,,2,,,,,,,,,,,,
7,Carbon Battery ,Pcs,20,A-1,,,20,,,,,,,,,,,,
8,Proximity switch ,Pcs,5,A-1,,,5,,,,,,,,,,,,
9,Photo Sensor,Pcs,12,A-1,,,12,,,,,,,,,,,,
10,Solenoid Valve ,Pcs,4,A-1,,,4,,,,,,,,,,,,
11,Sensor,Pcs,2,A-1,,,2,,,,,,,,,,,,
12,Penumatic D24V,Pcs,4,A-1,,,4,,,,,,,,,,,,
13,Proximity switch  SN-04P,Pcs,8,A-1,,,8,,,,,,,,,,,,
14,Water Solenoid Valve ,Pcs,2,A-1,,,2,,,,,,,,,,,,
15,Hand lever valve ,Pcs,6,A-1,,,6,,,,,,,,,,,,
16,2/2 way Solenoid Valve,Pcs,2,A-1,,,2,,,,,,,,,,,,
17,Hand lever valve ,Pcs,3,A-1,,,3,,,,,,,,,,,,
18,Magentic Sensor,Pcs,12,A-1,,,12,,,,,,,,,,,,
19,Cable Ties5*200MM,Pcs,400,A-1,,,400,,,,,,,,,,,,
20,Cable Ties5*300MM,Pcs,387,A-1,,,387,,,,,,,,,,,,
21,Cable Ties3*100MM,Pcs,200,A-1,,,200,,,,,,,,,,,,
22,Photo Sensor,Pcs,3,A-1,,,3,,,,,,,,,,,,
23,Cable,Pcs,2,A-1,,,2,,,,,,,,,,,,
24,All size Ampire Tube,Pcs,326,A-1,,,326,,,,,,,,,,,,
25,LED Drive,Pcs,19,A-1,,,19,,,,,,,,,,,,
26,Cable Clips,Pcs,300,A-1,,,300,,,,,,,,,,,,
27,Cable,Pcs,19,A-1,,,19,,,,,,,,,,,,
28,Small Cable Lug,Pcs,146,A-1,,,146,,,,,,,,,,,,
29,Big  Cable Lug,Pcs,23,A-1,,,23,,,,,,,,,,,,
30,All size Fuse ,Pcs,83,A-1,,,83,,,,,,,,,,,,
31,Pc valve ,Pcs,1,A-1,,,1,,,,,,,,,,,,
32,Panel meter ,Pcs,2,A-1,,,2,,,,,,,,,,,,
33,penumatic AL2000-02,Pcs,2,A-1,,,2,,,,,,,,,,,,
34,Jacket Heater,Pcs,2,A-1,,,2,,,,,,,,,,,,
35,La38 small Series Button ,Pcs,10,A-1,,,10,,,,,,,,,,,,
36,La38 Big  Series Button ,Pcs,12,A-1,,,12,,,,,,,,,,,,
37,Fuse base ,Pcs,7,A-1,,,7,,,,,,,,,,,,
38,Fuse BG*P,Pcs,4,A-1,,,4,,,,,,,,,,,,
39,Fuse LINK Andeli 16A,Pcs,9,A-1,,,9,,,,,,,,,,,,
40,Fuse LINK 80A,Pcs,1,A-1,,,1,,,,,,,,,,,,
41,Fuse 500V AC,Pcs,70,A-1,,,70,,,,,,,,,,,,
42,Fuse Small,Pcs,74,A-1,,,74,,,,,,,,,,,,
43,Stater,Pcs,,A-1,,,0,,,,,,,,,,,,
44,PVC Contactor,Pcs,5,A-1,,,5,,,,,,,,,,,,
45,Ciramic ,Pcs,670,A-1,,,670,,,,,,,,,,,,
46,Side Mount Auxilary,Pcs,1,A-2,,,1,,,,,,,,,,,,
47,Auxilary Contack Block,Pcs,7,A-2,,,7,,,,,,,,,,,,
48,SSR,Pcs,9,A-2,,,9,,,,,,,,,,,,
49,Thermal Overload Relay ,Pcs,3,A-2,,,3,,,,,,,,,,,,
50,Thermal Overload Relay -,Pcs,2,A-2,,,2,,,,,,,,,,,,
51,Thermal Overload Relay -52M,Pcs,4,A-2,,,4,,,,,,,,,,,,
52,Thermal Overload Relay -5M,Pcs,2,A-2,,,2,,,,,,,,,,,,
53,Thermal Overload Relay -25M,Pcs,2,A-2,,,2,,,,,,,,,,,,
54,MOtor Starter 12A,Pcs,3,A-2,,,3,,,,,,,,,,,,
55,Contactor A*25-30-10,Pcs,1,A-2,,,1,,,,,,,,,,,,
56,Contactor AC 220V,Pcs,4,A-2,,,4,,,,,,,,,,,,
57,AIR Break (power )Contactor ,Pcs,2,A-2,,,2,,,,,,,,,,,,
58,Magentic  Contactor 90A,Pcs,1,A-2,,,1,,,,,,,,,,,,
59,Magentic  Contactor 18A,Pcs,4,A-2,,,4,,,,,,,,,,,,
60,MCB C10,Pcs,3,A-2,,,3,,,,,,,,,,,,
61,MCB TP 10,Pcs,3,A-2,,,3,,,,,,,,,,,,
62,Motor Circuit Breaker,Pcs,12,A-2,,,12,,,,,,,,,,,,
63,AC Magentic Starter,Pcs,2,A-2,,,2,,,,,,,,,,,,
64,Anticutter Ac ,set,36,A-2,,,36,,,,,,,,,,,,
65,Anticutter Ac /Dc ,Pcs,3,A-2,,,3,,,,,,,,,,,,
66,Push Button Switch,Pcs,5,A-2,,,5,,,,,,,,,,,,
67,on off Push Button Switch,Pcs,7,A-2,,,7,,,,,,,,,,,,
68,Magentic  Contactor DC 24,box,10,A-2,,,10,,,,,,,,,,,,
69,FR-56V1.4,Pcs,3,A-2,,,3,,,,,,,,,,,,
70,Time Delay Block ,Pcs,11,A-2,,,11,,,,,,,,,,,,
71,Monitoring Relay ,Pcs,1,A-2,,,1,,,,,,,,,,,,
72,Auxilary Contack Block,Pcs,31,A-2,,,31,,,,,,,,,,,,
73,heater Plug ,set,5,A-2,,,5,,,,,,,,,,,,
74,Starter Holder ,Pcs,8,A-2,,,8,,,,,,,,,,,,
75,Battary Clip,Pcs,10,A-2,,,10,,,,,,,,,,,,
76,Sensor,Pcs,3,A-2,,,3,,,,,,,,,,,,
77,Auxilary ,Pcs,10,A-2,,,10,,,,,,,,,,,,
78,Mounter Auxilary ,Pcs,5,A-2,,,5,,,,,,,,,,,,
79,Sace Tmaxxt 1c160,Pcs,4,A-2,,,4,,,,,,,,,,,,
80,Magentic  Contactor SC-N2S,Pcs,4,A-2,,,4,,,,,,,,,,,,
81,Pressure Contoller ,Pcs,9,A-2,,,9,,,,,,,,,,,,
82,Magentic  Connector 24v dc,Pcs,2,A-2,,,2,,,,,,,,,,,,
83,Contactor 32A,Pcs,7,A-2,,,7,,,,,,,,,,,,
84,Two  PIN plug,Pcs,8,A-2,,,8,,,,,,,,,,,,
85,Infrared Lamp ,Pcs,3,A-3,,,3,,,,,,,,,,,,
86,Heating Lamp ,Pcs,1,A-3,,,1,,,,,,,,,,,,
87,on off  Switch,Pcs,0,A-3,,,0,,,,,,,,,,,,
88,Stater ,Pcs,16,A-3,,,16,,,,,,,,,,,,
89,Anticutter Light ,Pcs,16,A-3,,,16,,,,,,,,,,,,
90,Ic timer 60f,Pcs,5,A-3,,,5,,,,,,,,,,,,
91,Timer AC 220V ,Pcs,5,A-3,,,5,,,,,,,,,,,,
92,Sensor Amplifir ,Pcs,1,A-3,,,1,,,,,,,,,,,,
93,Temerature Controller ,Pcs,1,A-3,,,1,,,,,,,,,,,,
94,Volt Meter,Pcs,3,A-3,,,3,,,,,,,,,,,,
95,Temerature Controller  AC 110,Pcs,1,A-3,,,1,,,,,,,,,,,,
96,Temerature Controller  50V 146,Pcs,7,A-3,,,7,,,,,,,,,,,,
97,Temerature Controller  100  240 V,Pcs,8,A-3,,,8,,,,,,,,,,,,
98,Temerature Controller  0.400C,Pcs,6,A-3,,,6,,,,,,,,,,,,
99,Temerature Controller  220v AC,Pcs,2,A-3,,,2,,,,,,,,,,,,
100,Temerature Controller   SMALL 220v AC,Pcs,6,A-3,,,6,,,,,,,,,,,,
101,Temerature Controller  ,Pcs,13,A-3,,,13,,,,,,,,,,,,
102,Tube Light 18W,Pcs,66,A-4,,,66,,,,,,,,,,,,
103,Tube Light 20W,Pcs,16,A-4,,,16,,,,,,,,,,,,
104,Twin Panel Light  Ac 105-300v ,Pcs,6,A-4,,,6,,,,,,,,,,,,
105,LED Lighting 10w,Pcs,2,A-4,,,2,,,,,,,,,,,,
106,LED Flood Light  big ,Pcs,1,A-4,,,1,,,,,,,,,,,,
107,LED Flood Light  Small ,Pcs,9,A-4,,,9,,,,,,,,,,,,
108,LED Light for Mosque,Pcs,37,A-4,,,37,,,,,,,,,,,,
109,LED Light 50W,Pcs,4,A-4,,,4,,,,,,,,,,,,
110,LED Light 30W,Pcs,4,A-4,,,4,,,,,,,,,,,,
111,One Gang Box ,Pcs,12,A-4,,,12,,,,,,,,,,,,
112,Two  Gang Box ,Pcs,6,A-4,,,6,,,,,,,,,,,,
113,Pressure Regulating Filter,Pcs,15,A-5,,,15,,,,,,,,,,,,
114,Contactor 24 DC ,Pcs,1,A-5,,,1,,,,,,,,,,,,
115,Ebonet ,Pcs,13,A-5,,,13,,,,,,,,,,,,
116,Solenoid Valve ,Pcs,2,A-5,,,2,,,,,,,,,,,,
117,Valve Blocked 220v,Pcs,1,A-5,,,1,,,,,,,,,,,,
118,Pressure Switch,pes,1,A-5,,,1,,,,,,,,,,,,
119,Pnemuatic aw4000-04,Pcs,3,A-5,,,3,,,,,,,,,,,,
120, Circuit Breaker,Pcs,1,A-5,,,1,,,,,,,,,,,,
121,Cable,Pcs,3,A-5,,,3,,,,,,,,,,,,
122,Procese Indicator /RPM mIter,Pcs,1,A-5,,,1,,,,,,,,,,,,
123,Solenoid Valve ,Pcs,4,A-6,,,4,,,,,,,,,,,,
124,Panel 24DC,Pcs,1,A-6,,,1,,,,,,,,,,,,
125,Voltage Range Ac 220v,Pcs,3,A-6,,,3,,,,,,,,,,,,
126,Warning Light ,Pcs,2,A-6,,,2,,,,,,,,,,,,
127, Filter Regulator ,Pcs,1,A-6,,,1,,,,,,,,,,,,
128,Lamp Holder ,Pcs,3,A-6,,,3,,,,,,,,,,,,
129,Get Valve ,Pcs,7,A-6,,,7,,,,,,,,,,,,
130,Hand lever valve ,Pcs,12,A-6,,,12,,,,,,,,,,,,
131,Relay 8pin ,Pcs,10,A-6,,,10,,,,,,,,,,,,
132,Contack Block ,Pcs,27,A-6,,,27,,,,,,,,,,,,
133,Valve 0230-08,Pcs,2,A-6,,,2,,,,,,,,,,,,
134,Glow Plug ,Pcs,1,A-6,,,1,,,,,,,,,,,,
135,Soldering Iron  60 W,Pcs,5,A-6,,,5,,,,,,,,,,,,
136,Soldering Iron coil  300 W,Pcs,8,A-6,,,8,,,,,,,,,,,,
137,Soldering Iron coil  200 W,Pcs,16,A-6,,,16,,,,,,,,,,,,
138,Soldering Iron Heater 150 W,Pcs,15,A-6,,,15,,,,,,,,,,,,
139,Contactor Base ,Pcs,28,A-6,,,28,,,,,,,,,,,,
140,L.T Control Switch Reversing ,Pcs,5,A-6,,,5,,,,,,,,,,,,
141,Contack Block /Module,Pcs,2,A-6,,,2,,,,,,,,,,,,
142,Control Switch Revering ,Pcs,4,A-6,,,4,,,,,,,,,,,,
143,Water Valve ,Pcs,4,A-6,,,4,,,,,,,,,,,,
144,Relay DC,Pcs,60,A-6,,,60,,,,,,,,,,,,
145,Relay 14 PIN,Pcs,4,A-6,,,4,,,,,,,,,,,,
146,Contactor Base ,Pcs,8,A-6,,,8,,,,,,,,,,,,
147,Cable Lug,Pcs,5,A-6,,,5,,,,,,,,,,,,
148,Electronic Time Recoder Ribbon ,Pcs,10,A-6,,,10,,,,,,,,,,,,
149,All Size Pencil Heater ,Pcs,108,A-7,,,108,,,,,,,,,,,,
150,Push Button Switch all size ,Pcs,227,A-7,,,227,,,,,,,,,,,,
151,Push Button Switch Big ,Pcs,18,A-7,,,18,,,,,,,,,,,,
152, Stop Push Button Switch ,Pcs,43,A-7,,,43,,,,,,,,,,,,
153,Valve 4H210-8,Pcs,1,A-7,,,1,,,,,,,,,,,,
154,Big Size Colling Fan ,Pcs,1,A-7,,,1,,,,,,,,,,,,
155,Small Size Colling Fan ,Pcs,19,A-7,,,19,,,,,,,,,,,,
156,Protection Curnent Coil ,Pcs,3,A-7,,,3,,,,,,,,,,,,
157,Universal Switch ,Pcs,6,A-7,,,6,,,,,,,,,,,,
158,Pressure Control ,Pcs,4,A-8,,,4,,,,,,,,,,,,
159,Dircction OF Flow,Pcs,3,A-8,,,3,,,,,,,,,,,,
160,Control Switch ,box,2,A-8,,,2,,,,,,,,,,,,
161,FIRE Alarm,Pcs,5,A-8,,,5,,,,,,,,,,,,
162,Tube Light Set ,Pcs,2,A-8,,,2,,,,,,,,,,,,
163,Pressure Miter ,Pcs,10,A-8,,,10,,,,,,,,,,,,
164,Contack Block ,Pcs,4,A-8,,,4,,,,,,,,,,,,
165,Pressure Miter  Big Size ,Pcs,4,A-8,,,4,,,,,,,,,,,,
166,Magentic  Contoller  40 A,Pcs,5,A-8,,,5,,,,,,,,,,,,
167,Thermal Overload  10 A,Pcs,1,A-8,,,1,,,,,,,,,,,,
168,Load Sell 300KG ,Pcs,1,A-8,,,1,,,,,,,,,,,,
169,Spray ,Pcs,5,A-8,,,5,,,,,,,,,,,,
170,Water Seal ,Pcs,31,A-8,,,31,,,,,,,,,,,,
171,Joy Stick ,Pcs,6,A-8,,,6,,,,,,,,,,,,
172,DA.CO Gum,Pcs,35,A-8,,,35,,,,,,,,,,,,
173,White Cement ,KG,9,A-8,,,9,,,,,,,,,,,,
174,Air Break (power )Contactor 70A,Pcs,1,A-8,,,1,,,,,,,,,,,,
175,Power Supply,Pcs,3,A-8,,,3,,,,,,,,,,,,
176,Power Supply Big ,Pcs,2,A-8,,,2,,,,,,,,,,,,
177,Cam Switch,Pcs,6,A-8,,,6,,,,,,,,,,,,
178,Auto Drain Valve ,Pcs,4,A-8,,,4,,,,,,,,,,,,
179,Thermal Overload Relay,Pcs,1,A-8,,,1,,,,,,,,,,,,
180,LED Lamp ,Pcs,1,A-8,,,1,,,,,,,,,,,,
181,On Off Switch,Pcs,2,A-8,,,2,,,,,,,,,,,,
182,Fuse Cutout 60A,Pcs,1,A-8,,,1,,,,,,,,,,,,
183,Lote Seal ,Pcs,5,A-8,,,5,,,,,,,,,,,,
184,Cutout all size ,Pcs,10,A-8,,,10,,,,,,,,,,,,
185,Bote R07-200,Pcs,11,A-8,,,11,,,,,,,,,,,,
186,PVC Channel,Pcs,83,,,,83,,,,,,,,,,,,
187,Compressure Dryer Filter,Pcs,0,,,,0,,,,,,,,,,,,
188,Protection Current Coil,Pcs,0,,,,0,,,,,,,,,,,,
189,P.V.C Fan Pakha ,Pcs,0,,,,0,,,,,,,,,,,,
190,Magnatic Sensor 24V DC,Pcs,0,,,,0,,,,,,,,,,,,
191,Air Filter Regulator for B.C.S M/C,Pcs,0,,,,0,,,,,,,,,,,,
192,Pressure Mitre,Pcs,0,,,,0,,,,,,,,,,,,
193,MK Box Cover,Pcs,0,,,,0,,,,,,,,,,,,
194,Table Fan Capacitor 4.5,Pcs,0,,,,0,,,,,,,,,,,,
195,Magnetic Connector 220v,Pcs,0,,,,0,,,,,,,,,,,,
196,Motor Protection switch,Pcs,0,,,,0,,,,,,,,,,,,
197,Mangnetic Contacor 50A,Pcs,0,,,,0,,,,,,,,,,,,
198,Mangnetic Contacor 24 v Dc,Pcs,0,,,,0,,,,,,,,,,,,
199,Power Supply Cell ,Pcs,0,,,,0,,,,,,,,,,,,
200,Magnetic Connector 2.84 A,Pcs,0,,,,0,,,,,,,,,,,,
201,Magnetic Connector 10A,Pcs,0,,,,0,,,,,,,,,,,,
202,Air Break Power Connector 220v,Pcs,0,,,,0,,,,,,,,,,,,
203,Joy Stick Controller,Pcs,0,,,,0,,,,,,,,,,,,
204,Cutout ,Pcs,0,,,,0,,,,,,,,,,,,
205,Tube Light Set 100 A,Pcs,0,,,,0,,,,,,,,,,,,
206,Magnetic Contactor 90 A,Pcs,0,,,,0,,,,,,,,,,,,
207,Magnetic Contactor 40 A,Pcs,0,,,,0,,,,,,,,,,,,
208,High Voltage Magnate Bar ,Pcs,0,,,,0,,,,,,,,,,,,
209,Water Seal (All size),Pcs,0,,,,0,,,,,,,,,,,,
210,Over Load Relay 2.1A,Pcs,0,,,,0,,,,,,,,,,,,
211,Hydrolic Solonide Valve ,Pcs,0,,,,0,,,,,,,,,,,,
212,Thermal Overload Relay 12-18,Pcs,0,,,,0,,,,,,,,,,,,
213,Over Load Relay 2.5 A,Pcs,0,,,,0,,,,,,,,,,,,
214,Over Load Relay 12-18,Pcs,0,,,,0,,,,,,,,,,,,
215,Over Load Relay 0.54-0.08 A,Pcs,0,,,,0,,,,,,,,,,,,
216,Over Load Relay 0.63-1 A,Pcs,0,,,,0,,,,,,,,,,,,
217,Over Load Relay 4-6 A,Pcs,0,,,,0,,,,,,,,,,,,
218,Fuse 40A HRC,Pcs,0,,,,0,,,,,,,,,,,,
219,High Voltage Generator ,Pcs,0,,,,0,,,,,,,,,,,,
220,Controll Box,Pcs,0,,,,0,,,,,,,,,,,,
221,Bereal Heater ,Pcs,0,,,,0,,,,,,,,,,,,
222,Thread Tape,Pcs,0,,,,0,,,,,,,,,,,,
223,pvc Tape,Pcs,0,,,,0,,,,,,,,,,,,
224,Bed Switch ,Pcs,0,,,,0,,,,,,,,,,,,
225,2 Pin Socket,Pcs,0,,,,0,,,,,,,,,,,,
226,2 Pin Plug,Pcs,0,,,,0,,,,,,,,,,,,
227,Led Power Supply ,Pcs,0,,,,0,,,,,,,,,,,,
228,Holder,Pcs,0,,,,0,,,,,,,,,,,,
229,Peano Switch,Pcs,0,,,,0,,,,,,,,,,,,
230,Cable.,Pcs,0,,,,0,,,,,,,,,,,,
231,Multi Socket,Pcs,0,,,,0,,,,,,,,,,,,
232,Soldering Iron small / Big,Pcs,0,,,,0,,,,,,,,,,,,
233,Led Sarfas ,Pcs,0,,,,0,,,,,,,,,,,,
234,Dryer Filter ,Pcs,0,,,,0,,,,,,,,,,,,
235,CPU Module(24v supply),Pcs,0,,,,0,,,,,,,,,,,,
236,Ceramic Heater Cover,Pcs,0,,,,0,,,,,,,,,,,,
237,1 way Switch,Pcs,0,,,,0,,,,,,,,,,,,
238,Carbon Plate,Pcs,0,,,,0,,,,,,,,,,,,
239,Carbon Seal (Ata Lamination),Pcs,0,,,,0,,,,,,,,,,,,
240,SDB Box,Pcs,0,,,,0,,,,,,,,,,,,
241,Carbon Seal Big,Pcs,0,,,,0,,,,,,,,,,,,
242,ONN/OFF Switch,Pcs,0,,,,0,,,,,,,,,,,,
243,Motor Protactor 25-32,Pcs,0,,,,0,,,,,,,,,,,,
244,Diod Cable,Pcs,0,,,,0,,,,,,,,,,,,
245,Battery ,Pcs,0,,,,0,,,,,,,,,,,,
246,RTV Gum,Pcs,0,,,,0,,,,,,,,,,,,
247,Silicon Gum,Pcs,0,,,,0,,,,,,,,,,,,
248,Pilot Rode,Pcs,0,,,,0,,,,,,,,,,,,
249,Break Show,Pcs,0,,,,0,,,,,,,,,,,,
250,Relay (U-2),Pcs,0,,,,0,,,,,,,,,,,,
251,Pigesion Air Regulator,Pcs,0,,,,0,,,,,,,,,,,,
252,Diod,Pcs,0,,,,0,,,,,,,,,,,,
253,Motor Fan Plastic,Pcs,0,,,,0,,,,,,,,,,,,
254,Digit,Pcs,0,,,,0,,,,,,,,,,,,
255,Double Stick Air Cylinder,Pcs,0,,,,0,,,,,,,,,,,,
256,High Pressure Mitre,Pcs,0,,,,0,,,,,,,,,,,,
257,HT Cable,Pcs,0,,,,0,,,,,,,,,,,,
258,Limit Switch (U-2),Pcs,0,,,,0,,,,,,,,,,,,
259,Pest Killer,Pcs,0,,,,0,,,,,,,,,,,,
260,Retrifire,Pcs,0,,,,0,,,,,,,,,,,,
261,Sensor Cable,Pcs,0,,,,0,,,,,,,,,,,,
262,P.C.B Card,Pcs,0,,,,0,,,,,,,,,,,,
263,Hydrolic Bais,Pcs,0,,,,0,,,,,,,,,,,,
264,Heat Proof Pipe,Pcs,0,,,,0,,,,,,,,,,,,
265,Flash Light(U-2),Pcs,0,,,,0,,,,,,,,,,,,
266,Zener ,Pcs,0,,,,0,,,,,,,,,,,,
267,Clutch Magnet,Pcs,0,,,,0,,,,,,,,,,,,
268,Positioner Single Acting,Pcs,0,,,,0,,,,,,,,,,,,
269,Carbon For Bond LAMI,Pcs,0,,,,0,,,,,,,,,,,,
270,LED Metal Light 100w colour,Pcs,0,,,,0,,,,,,,,,,,,
271,Apperal Unit,Pcs,0,,,,0,,,,,,,,,,,,
272,NICROM WIRE,Pcs,0,,,,0,,,,,,,,,,,,
273,Rotary Joint(Lami),Pcs,0,,,,0,,,,,,,,,,,,
274,Bulb 5W,Pcs,0,,,,0,,,,,,,,,,,,
275,Supporter,Pcs,0,,,,0,,,,,,,,,,,,
276,Power Supply ,Pcs,0,,,,0,,,,,,,,,,,,
277,Liner Bolt,Pcs,0,,,,0,,,,,,,,,,,,
278,Air Cylinder (B.C.S),Pcs,0,,,,0,,,,,,,,,,,,
279,Ear Muff,Pcs,0,,,,0,,,,,,,,,,,,
280,Oil Filter,Pcs,0,,,,0,,,,,,,,,,,,
281,Air Filter ,Pcs,0,,,,0,,,,,,,,,,,,
282,Oil Pressure Mitre,Pcs,0,,,,0,,,,,,,,,,,,
283,Pneumatic Cylinder,Pcs,0,,,,0,,,,,,,,,,,,
284,Ring Set,Pcs,0,,,,0,,,,,,,,,,,,
285,Ceramic holder,Pcs,0,,,,0,,,,,,,,,,,,
286,Filter Guess Generator,Pcs,0,,,,0,,,,,,,,,,,,
287,Tourch Light,Pcs,0,,,,0,,,,,,,,,,,,
288,M-Seal,Pcs,0,,,,0,,,,,,,,,,,,
289,Fan,Pcs,0,,,,0,,,,,,,,,,,,
290,WD 40 spray,Pcs,0,,,,0,,,,,,,,,,,,
291,Magnate Sensor Valbe,Pcs,0,,,,0,,,,,,,,,,,,
292,SCALE BATTERY,Pcs,0,,,,0,,,,,,,,,,,,
293,Vacump Pump for AC,Pcs,0,,,,0,,,,,,,,,,,,
294,Heat proof tape,Pcs,0,,,,0,,,,,,,,,,,,
295,IC ,Pcs,0,,,,0,,,,,,,,,,,,
296,Soldering Past ,Pcs,0,,,,0,,,,,,,,,,,,
297,Cooling Tower Infill For 200 RT,Pcs,0,,,,0,,,,,,,,,,,,
298,Thermo Overload ABB,Pcs,0,,,,0,,,,,,,,,,,,
299,Oil Separator,Pcs,0,,,,0,,,,,,,,,,,,
300,Copmpressure R-22,Pcs,0,,,,0,,,,,,,,,,,,
301,Helogin Light Set,Pcs,0,,,,0,,,,,,,,,,,,
302,Variable Frequency drive Inverter 0.75,Pcs,0,,,,0,,,,,,,,,,,,
303,Diot Relay ,Pcs,0,,,,0,,,,,,,,,,,,
304,Cilicon Spray,Pcs,0,,,,0,,,,,,,,,,,,
305,R-22 All Gas,Pcs,0,,,,0,,,,,,,,,,,,
306,Automatic Drain Valve ,Pcs,0,,,,0,,,,,,,,,,,,
307,TTL Converter Mod Mitsubishi,Pcs,0,,,,0,,,,,,,,,,,,
308,Niho Tape,Pcs,0,,,,0,,,,,,,,,,,,
309,"AC Parts Valve , Nut, etc",Pcs,0,,,,0,,,,,,,,,,,,
310,Cooling Tower Air Inlet Louver For 200 RT,Pcs,0,,,,0,,,,,,,,,,,,
311,Filter Mesh,Pcs,0,,,,0,,,,,,,,,,,,
312,Tester ,Pcs,0,,,,0,,,,,,,,,,,,
313,Switch Board 8 Hole,Pcs,0,,,,0,,,,,,,,,,,,
314,Flame Proof Ex 3 Phase Elc Motor,Pcs,0,,,,0,,,,,,,,,,,,
315,"IC   SMD / Hoc 3021, Noc 3031",Pcs,0,,,,0,,,,,,,,,,,,
316,3200 ATP ACB,Pcs,0,,,,0,,,,,,,,,,,,
317,Slitter Winder Card U-2,Pcs,0,,,,0,,,,,,,,,,,,
318,Spot valve 7W,Pcs,0,,,,0,,,,,,,,,,,,
319,RMBL Board baldwin ,Pcs,0,,,,0,,,,,,,,,,,,
320,2 Pin Relay 24V DC Tape Plant ,Pcs,0,,,,0,,,,,,,,,,,,
321,Adjest Fan,Pcs,0,,,,0,,,,,,,,,,,,
322,Power Supply ,Pcs,0,,,,0,,,,,,,,,,,,
323,Non Niting Valbe ,Pcs,0,,,,0,,,,,,,,,,,,
324,Macanical Valbe ,Pcs,0,,,,0,,,,,,,,,,,,
325,Magnetic Contactor 220-24,Pcs,0,,,,0,,,,,,,,,,,,
326,Circuit Breaker  0A. 1 Pole,Pcs,0,,,,0,,,,,,,,,,,,
327,Circuit Breaker  0A. 2 Pole,Pcs,0,,,,0,,,,,,,,,,,,
328,Circuit Breaker  0A. 3 Pole,Pcs,0,,,,0,,,,,,,,,,,,
329,Circuit Breaker MCCB 0A. 3 Pole,Pcs,0,,,,0,,,,,,,,,,,,
330,Ethernet Controller Wago Cpu,Pcs,0,,,,0,,,,,,,,,,,,
331,SSR Relay 32A,Pcs,0,,,,0,,,,,,,,,,,,
332,GFC Fan/ Jony Fan/ Jali Fan,Pcs,0,,,,0,,,,,,,,,,,,
333,Contact Clenear ,Pcs,0,,,,0,,,,,,,,,,,,
334,Spark Plug,Pcs,0,,,,0,,,,,,,,,,,,
335,Inverter 1.5kw FRN,Pcs,0,,,,0,,,,,,,,,,,,
336,Locktite 243,Pcs,0,,,,0,,,,,,,,,,,,
337,15A Round Pin Socket,Pcs,0,,,,0,,,,,,,,,,,,
338,High Voltage Wair,Pcs,0,,,,0,,,,,,,,,,,,
339,12 Pin Relay Base,Pcs,0,,,,0,,,,,,,,,,,,
340,12 Pin Relay,Pcs,0,,,,0,,,,,,,,,,,,
341,Jamick 300KG Load Cell,Pcs,0,,,,0,,,,,,,,,,,,
342,Led Drive ,Pcs,0,,,,0,,,,,,,,,,,,
343,Led Chipes ,Pcs,0,,,,0,,,,,,,,,,,,
344,Tourch Head Light ,Pcs,0,,,,0,,,,,,,,,,,,
345,U sensor,Pcs,0,,,,0,,,,,,,,,,,,
346,Cat-6 Cable cap,Pcs,0,,,,0,,,,,,,,,,,,
347,Heat sing Past / Compound ,Pcs,0,,,,0,,,,,,,,,,,,
348,SSR Relay 100A 2 Fass,Pcs,0,,,,0,,,,,,,,,,,,
349,PLC Delta Stepper Motor PLC,Pcs,0,,,,0,,,,,,,,,,,,
350,Heat Prof Cable 4Rm,Pcs,0,,,,0,,,,,,,,,,,,
351,Heater Connection,Pcs,0,,,,0,,,,,,,,,,,,
352,Panduit IM Cat-6 UTP,Pcs,0,,,,0,,,,,,,,,,,,
353,Drive (Sample),Pcs,0,,,,0,,,,,,,,,,,,
354,PVC Relay 24V,Pcs,0,,,,0,,,,,,,,,,,,
355,Counter Flow Colling Tower Infill,Pcs,0,,,,0,,,,,,,,,,,,
356,Motor Capacitor 2.5uf,Pcs,0,,,,0,,,,,,,,,,,,
357,Motor Capacitor 1.5uf,Pcs,0,,,,0,,,,,,,,,,,,
358,Led Indicator Light 24V DC,Pcs,0,,,,0,,,,,,,,,,,,
359,Aintermind Base and Rode,Pcs,0,,,,0,,,,,,,,,,,,
360,Eanthing Board,Pcs,0,,,,0,,,,,,,,,,,,
361,SBD Bord,Pcs,0,,,,0,,,,,,,,,,,,
362,5 Line Hand Valve,Pcs,0,,,,0,,,,,,,,,,,,
363,ABB Sace SPA Coil 110-120v,Pcs,0,,,,0,,,,,,,,,,,,
364,Taflon Shaft / Sheet,Pcs,0,,,,0,,,,,,,,,,,,
365,Cup Card D700 Mistubishe,Pcs,0,,,,0,,,,,,,,,,,,
366,Non Return Valve,Pcs,0,,,,0,,,,,,,,,,,,
367,Jumpring Cable ,Pcs,0,,,,0,,,,,,,,,,,,
368,Timer Base,Pcs,0,,,,0,,,,,,,,,,,,
369,Regestor,Pcs,0,,,,0,,,,,,,,,,,,
370,Padroll Pump,Pcs,0,,,,0,,,,,,,,,,,,
371,Unit Coil Micke ,Pcs,0,,,,0,,,,,,,,,,,,
372,Magnatic Contact ABB 8Kw,Pcs,0,,,,0,,,,,,,,,,,,
373,100w Led flood Light ,Pcs,0,,,,0,,,,,,,,,,,,
374,HMI PLC Display ,Pcs,0,,,,0,,,,,,,,,,,,
375,PLC Controller ,Pcs,0,,,,0,,,,,,,,,,,,
376,PLC Connecting Wire ,Pcs,0,,,,0,,,,,,,,,,,,
377,plc Display Jack,Pcs,0,,,,0,,,,,,,,,,,,
378,Electronic Transformer ,Pcs,0,,,,0,,,,,,,,,,,,
379,Pressure Transmiller Sensor ,Pcs,0,,,,0,,,,,,,,,,,,
380,Control Cable ,Pcs,0,,,,0,,,,,,,,,,,,
381,Filter Drier coer,Pcs,0,,,,0,,,,,,,,,,,,
382,Nitrogen Cylendr ,Pcs,0,,,,0,,,,,,,,,,,,
383,Compressor Bearing Set,Pcs,0,,,,0,,,,,,,,,,,,
384,2 Ton Capacity Waist Motor pump,Pcs,0,,,,0,,,,,,,,,,,,
385,Auto Fan Motor Machine ,Pcs,0,,,,0,,,,,,,,,,,,
386,3 Stick Cylinder,Pcs,0,,,,0,,,,,,,,,,,,
387,Rotery Switch ,Pcs,0,,,,0,,,,,,,,,,,,
388,Countar Timier Metar ,Pcs,0,,,,0,,,,,,,,,,,,
389,Water Flow Controler,Pcs,0,,,,0,,,,,,,,,,,,
390,PCB Carket Board,Pcs,0,,,,0,,,,,,,,,,,,
391,PC 817 Opho Cippter,Pcs,0,,,,0,,,,,,,,,,,,
392,LED (RED+Yellow),Pcs,0,,,,0,,,,,,,,,,,,
393,Inverter FRD704 380v,Pcs,0,,,,0,,,,,,,,,,,,
394,PCB Relay 14 pin 24v dc,Pcs,0,,,,0,,,,,,,,,,,,
395,Inverter FRD740,Pcs,0,,,,0,,,,,,,,,,,,
396,Show Unit Coil ,Pcs,0,,,,0,,,,,,,,,,,,
397,50 Module 100A Contact ABB,Pcs,0,,,,0,,,,,,,,,,,,
398,Ceramic Heater,Pcs,0,,,,0,,,,,,,,,,,,
399,Fottes Relay,Pcs,0,,,,0,,,,,,,,,,,,
400,Servo Drive ,Pcs,0,,,,0,,,,,,,,,,,,
401,Flow Switch,Pcs,0,,,,0,,,,,,,,,,,,
402,Compelete Motor,Pcs,0,,,,0,,,,,,,,,,,,
403,Submersible Over Load 25a,Pcs,0,,,,0,,,,,,,,,,,,
404,FOS 9945 8 Pin IC,Pcs,0,,,,0,,,,,,,,,,,,
405,"4 Pin IC, Pin, Jack ",Pcs,0,,,,0,,,,,,,,,,,,
406,MA 4820,Pcs,0,,,,0,,,,,,,,,,,,
407,CM2N 60F,Pcs,0,,,,0,,,,,,,,,,,,
408,Lod Unlod Piston,Pcs,0,,,,0,,,,,,,,,,,,
409,Solonoid Coil,Pcs,0,,,,0,,,,,,,,,,,,
410,Blow down Valve Kit,Pcs,0,,,,0,,,,,,,,,,,,
411,F2 Hakg50 Intak Valve Kit,Pcs,0,,,,0,,,,,,,,,,,,
412,Drive Coupling Element,Pcs,0,,,,0,,,,,,,,,,,,